,position,description,total_price,unit_price,url,region,transit_duration_大钟寺地铁站,transit_distance_大钟寺地铁站,transit_fee_大钟寺地铁站,transit_duration_国贸大厦A座,transit_distance_国贸大厦A座,transit_fee_国贸大厦A座,driving_duration_大钟寺地铁站,driving_distance_大钟寺地铁站,driving_fee_大钟寺地铁站,driving_duration_国贸大厦A座,driving_distance_国贸大厦A座,driving_fee_国贸大厦A座
0,沿海赛洛城七期,低楼层(共18层)1室1厅|63.09平米|东西,385万,"61,024元/平",https://bj.ke.com/ershoufang/101117008375.html,baiziwan,4355,2097,5.0,2668,2354,3.0,1548,20532,59,914,5561,18
1,沿海赛洛城五期,中楼层(共25层)1室1厅|69.61平米|东西,399万,"57,320元/平",https://bj.ke.com/ershoufang/101116053581.html,baiziwan,4529,2300,5.0,2842,2557,3.0,1589,20717,60,903,5746,19
2,沿海赛洛城一期,低楼层(共18层)|2007年建|1室1厅|70.62平米|南,468万,"66,271元/平",https://bj.ke.com/ershoufang/101117225212.html,baiziwan,4021,1707,5.0,2334,1964,3.0,1797,21227,62,1162,6582,19
3,沿海赛洛城五期,中楼层(共8层)1室1厅|57.36平米|东,358万,"62,413元/平",https://bj.ke.com/ershoufang/101117168943.html,baiziwan,4529,2300,5.0,2842,2557,3.0,1589,20717,60,903,5746,19
4,美利山,低楼层(共24层)2室1厅|82.99平米|西,449万,"54,103元/平",https://bj.ke.com/ershoufang/101117135175.html,baiziwan,4289,2020,5.0,2602,2277,3.0,1581,20618,59,874,5647,18
5,美利山,低楼层(共24层)|2011年建|1室1厅|69.38平米|东,425万,"61,257元/平",https://bj.ke.com/ershoufang/101117104164.html,baiziwan,4289,2020,5.0,2602,2277,3.0,1581,20618,59,874,5647,18
6,百子湾家园一区,高楼层(共24层)|2006年建|1室1厅|62.28平米|北,346万,"55,556元/平",https://bj.ke.com/ershoufang/101117031360.html,baiziwan,4278,2332,5.0,2486,2348,3.0,1528,20901,60,881,5930,19
7,沿海赛洛城六期,中楼层(共24层)|2009年建|1室1厅|65.3平米|西,449万,"68,760元/平",https://bj.ke.com/ershoufang/101117009824.html,baiziwan,4478,2241,5.0,2792,2498,3.0,1568,20716,60,935,5745,19
8,沿海赛洛城五期,中楼层(共25层)|2008年建|1室1厅|57.27平米|东,355万,"61,988元/平",https://bj.ke.com/ershoufang/101117002414.html,baiziwan,4529,2300,5.0,2842,2557,3.0,1589,20717,60,903,5746,19
9,水磨厂宿舍,顶层(共2层)2室1厅|58.41平米|南西北,275万,"47,081元/平",https://bj.ke.com/ershoufang/101116925582.html,baiziwan,3928,2111,5.0,2137,2127,3.0,1282,19316,55,595,4345,15
10,观音惠园,中楼层(共6层)|2007年建|2室1厅|90.18平米|东南北,420万,"46,574元/平",https://bj.ke.com/ershoufang/101116893459.html,baiziwan,4404,1404,7.0,3275,1467,2.0,1987,23245,69,1391,8600,25
11,美利山,中楼层(共24层)|2011年建|1室1厅|83.73平米|西,458万,"54,700元/平",https://bj.ke.com/ershoufang/101116817805.html,baiziwan,4289,2020,5.0,2602,2277,3.0,1581,20618,59,874,5647,18
12,沿海赛洛城七期,低楼层(共10层)|2009年建|1室1厅|53.84平米|西,362万,"67,237元/平",https://bj.ke.com/ershoufang/101115792438.html,baiziwan,4355,2097,5.0,2668,2354,3.0,1548,20532,59,914,5561,18
13,沿海赛洛城一期,低楼层(共24层)|2007年建|1室0厅|52.5平米|西,337万,"64,191元/平",https://bj.ke.com/ershoufang/101115654515.html,baiziwan,4021,1707,5.0,2334,1964,3.0,1797,21227,62,1162,6582,19
14,美利山,高楼层(共24层)|2011年建|1室1厅|81.94平米|东,473万,"57,726元/平",https://bj.ke.com/ershoufang/101115479288.html,baiziwan,4289,2020,5.0,2602,2277,3.0,1581,20618,59,874,5647,18
15,沿海赛洛城五期,中楼层(共25层)1室1厅|53.66平米|东,380万,"70,817元/平",https://bj.ke.com/ershoufang/101114903283.html,baiziwan,4529,2300,5.0,2842,2557,3.0,1589,20717,60,903,5746,19
16,观音景园二期,顶层(共6层)|2005年建|2室1厅|96.33平米|南北,401万,"41,628元/平",https://bj.ke.com/ershoufang/101114798718.html,baiziwan,4733,1788,7.0,3691,1644,2.0,1991,24129,72,1066,12630,27
17,美利山,低楼层(共24层)|2011年建|1室2厅|83平米|东,476万,"57,350元/平",https://bj.ke.com/ershoufang/101114760810.html,baiziwan,4289,2020,5.0,2602,2277,3.0,1581,20618,59,874,5647,18
18,观音惠园,高楼层(共6层)|2008年建|2室1厅|90.96平米|南北,400万,"43,976元/平",https://bj.ke.com/ershoufang/101114671572.html,baiziwan,4404,1404,7.0,3275,1467,2.0,1987,23245,69,1391,8600,25
19,北京建筑木材总厂宿舍,底层(共6层)|1980年建|1室1厅|35.16平米|南,190万,"54,039元/平",https://bj.ke.com/ershoufang/101114042640.html,baiziwan,4610,1721,5.0,4716,2040,6.0,1417,21797,64,2190,23501,68
20,沿海赛洛城五期,高楼层(共25层)|2008年建|1室1厅|53.64平米|东,347万,"64,691元/平",https://bj.ke.com/ershoufang/101113978329.html,baiziwan,4529,2300,5.0,2842,2557,3.0,1589,20717,60,903,5746,19
21,沿海赛洛城五期,高楼层(共25层)1室1厅|53.64平米|东南,368万,"68,606元/平",https://bj.ke.com/ershoufang/101117477367.html,baiziwan,4529,2300,5.0,2842,2557,3.0,1589,20717,60,903,5746,19
22,沿海赛洛城七期,中楼层(共24层)|2009年建|1室1厅|51.5平米|西,379万,"73,593元/平",https://bj.ke.com/ershoufang/101117421170.html,baiziwan,4355,2097,5.0,2668,2354,3.0,1548,20532,59,914,5561,18
23,沿海赛洛城七期,中楼层(共10层)1室1厅|56.12平米|西,399万,"71,098元/平",https://bj.ke.com/ershoufang/101117404789.html,baiziwan,4355,2097,5.0,2668,2354,3.0,1548,20532,59,914,5561,18
24,美利山,低楼层(共24层)1室1厅|69.05平米|东,449万,"65,026元/平",https://bj.ke.com/ershoufang/101117397259.html,baiziwan,4289,2020,5.0,2602,2277,3.0,1581,20618,59,874,5647,18
25,沿海赛洛城七期,中楼层(共24层)|2009年建|1室1厅|51.26平米|西,368万,"71,791元/平",https://bj.ke.com/ershoufang/101117393557.html,baiziwan,4355,2097,5.0,2668,2354,3.0,1548,20532,59,914,5561,18
26,北京第二制药厂宿舍,顶层(共6层)|1980年建|3室0厅|62.81平米|西南北,296万,"47,127元/平",https://bj.ke.com/ershoufang/101117383366.html,baiziwan,4256,1981,5.0,2569,2238,3.0,1440,20134,58,773,5163,17
27,石门村路2号院,中楼层(共5层)2室1厅|81.34平米|东,369万,"45,366元/平",https://bj.ke.com/ershoufang/101117293872.html,baiziwan,3989,1670,5.0,2302,1927,3.0,1715,21145,61,805,5360,18
28,沿海赛洛城六期,中楼层(共24层)1室1厅|60.12平米|东西,400万,"66,534元/平",https://bj.ke.com/ershoufang/101117263964.html,baiziwan,4478,2241,5.0,2792,2498,3.0,1568,20716,60,935,5745,19
29,观音惠园,顶层(共6层)2室1厅|90.16平米|南北,385万,"42,702元/平",https://bj.ke.com/ershoufang/101117196578.html,baiziwan,4404,1404,7.0,3275,1467,2.0,1987,23245,69,1391,8600,25
30,美利山,低楼层(共24层)1室1厅|69.05平米|东,449万,"65,026元/平",https://bj.ke.com/ershoufang/101117397259.html,baiziwan,4289,2020,5.0,2602,2277,3.0,1581,20618,59,874,5647,18
31,沿海赛洛城七期,中楼层(共24层)|2009年建|1室1厅|51.26平米|西,368万,"71,791元/平",https://bj.ke.com/ershoufang/101117393557.html,baiziwan,4355,2097,5.0,2668,2354,3.0,1548,20532,59,914,5561,18
32,北京第二制药厂宿舍,顶层(共6层)|1980年建|3室0厅|62.81平米|西南北,296万,"47,127元/平",https://bj.ke.com/ershoufang/101117383366.html,baiziwan,4256,1981,5.0,2569,2238,3.0,1440,20134,58,773,5163,17
33,沿海赛洛城七期,中楼层(共24层)|2009年建|1室1厅|51.5平米|西,375万,"72,816元/平",https://bj.ke.com/ershoufang/101117367180.html,baiziwan,4355,2097,5.0,2668,2354,3.0,1548,20532,59,914,5561,18
34,沿海赛洛城七期,低楼层(共24层)|2009年建|1室1厅|60.47平米|东,396万,"65,488元/平",https://bj.ke.com/ershoufang/101117366653.html,baiziwan,4355,2097,5.0,2668,2354,3.0,1548,20532,59,914,5561,18
35,沿海赛洛城一期,中楼层(共6层)|2007年建|1室1厅|68.14平米|东西,465万,"68,242元/平",https://bj.ke.com/ershoufang/101117348269.html,baiziwan,4021,1707,5.0,2334,1964,3.0,1797,21227,62,1162,6582,19
36,观音惠园,顶层(共6层)|2008年建|2室1厅|90.16平米|北南,400万,"44,366元/平",https://bj.ke.com/ershoufang/101117343105.html,baiziwan,4404,1404,7.0,3275,1467,2.0,1987,23245,69,1391,8600,25
37,沿海赛洛城五期,中楼层(共25层)|2008年建|1室1厅|53.64平米|东南,358万,"66,742元/平",https://bj.ke.com/ershoufang/101117316358.html,baiziwan,4529,2300,5.0,2842,2557,3.0,1589,20717,60,903,5746,19
38,石门村路2号院,中楼层(共5层)2室1厅|81.34平米|东,369万,"45,366元/平",https://bj.ke.com/ershoufang/101117293872.html,baiziwan,3989,1670,5.0,2302,1927,3.0,1715,21145,61,805,5360,18
39,沿海赛洛城六期,中楼层(共24层)1室1厅|60.12平米|东西,400万,"66,534元/平",https://bj.ke.com/ershoufang/101117263964.html,baiziwan,4478,2241,5.0,2792,2498,3.0,1568,20716,60,935,5745,19
40,观音惠园,底层(共6层)|2007年建|2室1厅|90.09平米|南北,450万,"49,951元/平",https://bj.ke.com/ershoufang/101117214500.html,baiziwan,4404,1404,7.0,3275,1467,2.0,1987,23245,69,1391,8600,25
41,观音惠园,顶层(共6层)2室1厅|90.16平米|南北,385万,"42,702元/平",https://bj.ke.com/ershoufang/101117196578.html,baiziwan,4404,1404,7.0,3275,1467,2.0,1987,23245,69,1391,8600,25
42,沿海赛洛城七期,顶层(共18层)1室1厅|47.8平米|西,329万,"68,829元/平",https://bj.ke.com/ershoufang/101117194673.html,baiziwan,4355,2097,5.0,2668,2354,3.0,1548,20532,59,914,5561,18
43,沿海赛洛城五期,中楼层(共11层)|2008年建|1室1厅|51.85平米|南,382万,"73,675元/平",https://bj.ke.com/ershoufang/101117169460.html,baiziwan,4529,2300,5.0,2842,2557,3.0,1589,20717,60,903,5746,19
44,沿海赛洛城一期,高楼层(共18层)|2007年建|1室1厅|57.43平米|南,398万,"69,302元/平",https://bj.ke.com/ershoufang/101117139544.html,baiziwan,4021,1707,5.0,2334,1964,3.0,1797,21227,62,1162,6582,19
45,百子湾家园三区,低楼层(共16层)|2006年建|1室1厅|63.56平米|北,375万,"59,000元/平",https://bj.ke.com/ershoufang/101117130944.html,baiziwan,4542,2639,5.0,2749,2655,3.0,1670,21313,62,999,6342,20
46,沿海赛洛城七期,低楼层(共24层)1室1厅|58.69平米|东,430万,"73,267元/平",https://bj.ke.com/ershoufang/101117028478.html,baiziwan,4355,2097,5.0,2668,2354,3.0,1548,20532,59,914,5561,18
47,沿海赛洛城五期,高楼层(共11层)|2008年建|1室1厅|51.46平米|南,380万,"73,844元/平",https://bj.ke.com/ershoufang/101116994006.html,baiziwan,4529,2300,5.0,2842,2557,3.0,1589,20717,60,903,5746,19
48,沿海赛洛城一期,高楼层(共24层)|2007年建|1室1厅|55.81平米|东,400万,"71,672元/平",https://bj.ke.com/ershoufang/101116992042.html,baiziwan,4021,1707,5.0,2334,1964,3.0,1797,21227,62,1162,6582,19
49,沿海赛洛城五期,高楼层(共25层)|2008年建|1室1厅|53.64平米|东,342万,"63,759元/平",https://bj.ke.com/ershoufang/101116974588.html,baiziwan,4529,2300,5.0,2842,2557,3.0,1589,20717,60,903,5746,19
50,百子湾家园一区,底层(共16层)|2006年建|1室1厅|60.01平米|北,335万,"55,825元/平",https://bj.ke.com/ershoufang/101116973345.html,baiziwan,4278,2332,5.0,2486,2348,3.0,1528,20901,60,881,5930,19
51,美利山,低楼层(共24层)|2011年建|1室1厅|67.52平米|东,398万,"58,946元/平",https://bj.ke.com/ershoufang/101116962932.html,baiziwan,4289,2020,5.0,2602,2277,3.0,1581,20618,59,874,5647,18
52,百子湾家园三区,高楼层(共16层)|2006年建|1室1厅|63.9平米|北,365万,"57,121元/平",https://bj.ke.com/ershoufang/101116953405.html,baiziwan,4542,2639,5.0,2749,2655,3.0,1670,21313,62,999,6342,20
53,水磨厂宿舍,中楼层(共5层)|1974年建|2室0厅|44.46平米|南,275万,"61,854元/平",https://bj.ke.com/ershoufang/101116949108.html,baiziwan,3928,2111,5.0,2137,2127,3.0,1282,19316,55,595,4345,15
54,美利山,低楼层(共24层)|2011年建|1室1厅|77.13平米|西,485万,"62,881元/平",https://bj.ke.com/ershoufang/101116940419.html,baiziwan,4289,2020,5.0,2602,2277,3.0,1581,20618,59,874,5647,18
55,沿海赛洛城五期,低楼层(共7层)|2008年建|1室1厅|69.08平米|东西,430万,"62,247元/平",https://bj.ke.com/ershoufang/101116938207.html,baiziwan,4529,2300,5.0,2842,2557,3.0,1589,20717,60,903,5746,19
56,方家村,低楼层(共6层)|1996年建|2室1厅|98.02平米|东西,375万,"38,258元/平",https://bj.ke.com/ershoufang/101116930070.html,baiziwan,4847,1921,7.0,3718,1984,2.0,1825,22609,66,1258,7964,23
57,北京第二制药厂宿舍,底层(共6层)|1980年建|2室1厅|47.18平米|东北,274万,"58,076元/平",https://bj.ke.com/ershoufang/101116923959.html,baiziwan,4256,1981,5.0,2569,2238,3.0,1440,20134,58,773,5163,17
58,北京第二制药厂宿舍,中楼层(共6层)|1980年建|2室1厅|52.98平米|南北,256万,"48,321元/平",https://bj.ke.com/ershoufang/101116904656.html,baiziwan,4256,1981,5.0,2569,2238,3.0,1440,20134,58,773,5163,17
59,沿海赛洛城一期,中楼层(共24层)|2007年建|1室1厅|55.81平米|东,399万,"71,493元/平",https://bj.ke.com/ershoufang/101116882320.html,baiziwan,4021,1707,5.0,2334,1964,3.0,1797,21227,62,1162,6582,19
60,沿海赛洛城一期,高楼层(共24层)|2007年建|1室1厅|55.81平米|东,395万,"70,776元/平",https://bj.ke.com/ershoufang/101116867822.html,baiziwan,4021,1707,5.0,2334,1964,3.0,1797,21227,62,1162,6582,19
61,深沟村1号,中楼层(共5层)|1980年建|2室1厅|50.3平米|东,275万,"54,672元/平",https://bj.ke.com/ershoufang/101116862611.html,baiziwan,3629,1762,5.0,1838,1778,3.0,1284,18954,54,640,3983,15
62,观音景园二期,高楼层(共6层)1室1厅|57.56平米|南,268万,"46,561元/平",https://bj.ke.com/ershoufang/101116862342.html,baiziwan,4733,1788,7.0,3691,1644,2.0,1991,24129,72,1066,12630,27
63,沿海赛洛城一期,中楼层(共24层)|2007年建|1室1厅|56.1平米|东,389万,"69,341元/平",https://bj.ke.com/ershoufang/101116808755.html,baiziwan,4021,1707,5.0,2334,1964,3.0,1797,21227,62,1162,6582,19
64,方家村,底层(共6层)|1995年建|1室1厅|58.85平米|南北,309万,"52,507元/平",https://bj.ke.com/ershoufang/101116807583.html,baiziwan,4847,1921,7.0,3718,1984,2.0,1825,22609,66,1258,7964,23
65,沿海赛洛城一期,低楼层(共24层)|2007年建|1室0厅|52.5平米|西,336万,"64,000元/平",https://bj.ke.com/ershoufang/101116763417.html,baiziwan,4021,1707,5.0,2334,1964,3.0,1797,21227,62,1162,6582,19
66,百子湾家园二区,高楼层(共16层)|2006年建|1室1厅|63.61平米|北,365万,"57,381元/平",https://bj.ke.com/ershoufang/101116718344.html,baiziwan,4381,2452,5.0,2589,2468,3.0,1695,21408,62,1026,6437,20
67,百子湾家园一区,中楼层(共15层)|2006年建|1室2厅|63.68平米|北,388万,"60,930元/平",https://bj.ke.com/ershoufang/101116694092.html,baiziwan,4278,2332,5.0,2486,2348,3.0,1528,20901,60,881,5930,19
68,沿海赛洛城五期,顶层(共25层)|2009年建|1室1厅|56.44平米|东,330万,"58,470元/平",https://bj.ke.com/ershoufang/101116693126.html,baiziwan,4529,2300,5.0,2842,2557,3.0,1589,20717,60,903,5746,19
69,观音景园二期,中楼层(共6层)|2009年建|1室1厅|64.39平米|南,330万,"51,251元/平",https://bj.ke.com/ershoufang/101116674736.html,baiziwan,4733,1788,7.0,3691,1644,2.0,1991,24129,72,1066,12630,27
70,水磨厂宿舍,顶层(共5层)|1981年建|2室1厅|57.51平米|南北,280万,"48,688元/平",https://bj.ke.com/ershoufang/101116650703.html,baiziwan,3928,2111,5.0,2137,2127,3.0,1282,19316,55,595,4345,15
71,美利山,中楼层(共24层)|2011年建|1室1厅|65.89平米|东,392万,"59,494元/平",https://bj.ke.com/ershoufang/101116620154.html,baiziwan,4289,2020,5.0,2602,2277,3.0,1581,20618,59,874,5647,18
72,沿海赛洛城七期,中楼层(共24层)|2009年建|1室1厅|51.26平米|西,355万,"69,255元/平",https://bj.ke.com/ershoufang/101116619267.html,baiziwan,4355,2097,5.0,2668,2354,3.0,1548,20532,59,914,5561,18
73,百子湾家园三区,低楼层(共16层)|2006年建|1室1厅|63.56平米|北,359万,"56,483元/平",https://bj.ke.com/ershoufang/101116610372.html,baiziwan,4542,2639,5.0,2749,2655,3.0,1670,21313,62,999,6342,20
74,沿海赛洛城一期,低楼层(共18层)|2007年建|2室1厅|80.92平米|东南,477万,"58,948元/平",https://bj.ke.com/ershoufang/101116601566.html,baiziwan,4021,1707,5.0,2334,1964,3.0,1797,21227,62,1162,6582,19
75,观音惠园,底层(共6层)1室1厅|57.1平米|南,277万,"48,512元/平",https://bj.ke.com/ershoufang/101116585382.html,baiziwan,4404,1404,7.0,3275,1467,2.0,1987,23245,69,1391,8600,25
76,沿海赛洛城五期,低楼层(共25层)|2008年建|1室1厅|51.99平米|东,350万,"67,321元/平",https://bj.ke.com/ershoufang/101116581955.html,baiziwan,4529,2300,5.0,2842,2557,3.0,1589,20717,60,903,5746,19
77,沿海赛洛城三期,低楼层(共14层)|2007年建|1室1厅|48.96平米|北,325万,"66,381元/平",https://bj.ke.com/ershoufang/101116579525.html,baiziwan,4021,1812,5.0,2334,2069,3.0,1594,21384,72,999,6780,23
78,百子湾家园三区,高楼层(共19层)|2006年建|1室1厅|62.08平米|北,358万,"57,668元/平",https://bj.ke.com/ershoufang/101116543669.html,baiziwan,4542,2639,5.0,2749,2655,3.0,1670,21313,62,999,6342,20
79,沿海赛洛城二期,低楼层(共24层)|2007年建|1室0厅|57.34平米|南,375万,"65,400元/平",https://bj.ke.com/ershoufang/101116533848.html,baiziwan,4208,1925,5.0,2521,2182,3.0,1565,21435,72,819,5844,20
80,百子湾家园三区,低楼层(共16层)|2006年建|1室1厅|63.9平米|北,330万,"51,644元/平",https://bj.ke.com/ershoufang/101116509990.html,baiziwan,4542,2639,5.0,2749,2655,3.0,1670,21313,62,999,6342,20
81,沿海赛洛城二期,低楼层(共24层)|2007年建|1室0厅|57.34平米|南,350万,"61,040元/平",https://bj.ke.com/ershoufang/101116455408.html,baiziwan,4208,1925,5.0,2521,2182,3.0,1565,21435,72,819,5844,20
82,沿海赛洛城六期,中楼层(共18层)1室1厅|45.58平米|东,330万,"72,401元/平",https://bj.ke.com/ershoufang/101116450866.html,baiziwan,4478,2241,5.0,2792,2498,3.0,1568,20716,60,935,5745,19
83,百子湾家园二区,高楼层(共16层)1室1厅|63.61平米|北,363万,"57,067元/平",https://bj.ke.com/ershoufang/101116432625.html,baiziwan,4381,2452,5.0,2589,2468,3.0,1695,21408,62,1026,6437,20
84,观音景园二期,顶层(共6层)|2003年建|2室1厅|95.71平米|南北,409万,"42,734元/平",https://bj.ke.com/ershoufang/101116404629.html,baiziwan,4733,1788,7.0,3691,1644,2.0,1991,24129,72,1066,12630,27
85,观音景园二期,低楼层(共6层)|2003年建|2室1厅|76.64平米|南北,400万,"52,193元/平",https://bj.ke.com/ershoufang/101116387781.html,baiziwan,4733,1788,7.0,3691,1644,2.0,1991,24129,72,1066,12630,27
86,沿海赛洛城五期,低楼层(共8层)|2008年建|1室1厅|57.36平米|东,370万,"64,505元/平",https://bj.ke.com/ershoufang/101116379874.html,baiziwan,4529,2300,5.0,2842,2557,3.0,1589,20717,60,903,5746,19
87,沿海赛洛城七期,高楼层(共22层)|2009年建|1室1厅|68.92平米|南北,455万,"66,019元/平",https://bj.ke.com/ershoufang/101116354217.html,baiziwan,4355,2097,5.0,2668,2354,3.0,1548,20532,59,914,5561,18
88,金海国际南区,高楼层(共23层)|2005年建|1室1厅|56.78平米|东南北,422万,"74,322元/平",https://bj.ke.com/ershoufang/101116345624.html,baiziwan,3645,1394,5.0,1960,1651,3.0,1596,20463,59,1029,5818,19
89,美利山,中楼层(共24层)|2011年建|2室1厅|80.07平米|西,428万,"53,454元/平",https://bj.ke.com/ershoufang/101116344005.html,baiziwan,4289,2020,5.0,2602,2277,3.0,1581,20618,59,874,5647,18
90,观音景园二期,中楼层(共6层)|2005年建|2室1厅|92.85平米|南北,419万,"45,127元/平",https://bj.ke.com/ershoufang/101116327960.html,baiziwan,4733,1788,7.0,3691,1644,2.0,1991,24129,72,1066,12630,27
91,方家村,中楼层(共6层)|1995年建|2室1厅|90.31平米|南北,350万,"38,756元/平",https://bj.ke.com/ershoufang/101116322635.html,baiziwan,4847,1921,7.0,3718,1984,2.0,1825,22609,66,1258,7964,23
92,观音景园二期,中楼层(共6层)|2003年建|2室1厅|95.71平米|南北,469万,"49,003元/平",https://bj.ke.com/ershoufang/101116280819.html,baiziwan,4733,1788,7.0,3691,1644,2.0,1991,24129,72,1066,12630,27
93,观音景园二期,底层(共6层)|2003年建|1室1厅|57.56平米|南北,305万,"52,989元/平",https://bj.ke.com/ershoufang/101116262569.html,baiziwan,4733,1788,7.0,3691,1644,2.0,1991,24129,72,1066,12630,27
94,观音惠园,高楼层(共6层)|2008年建|3室1厅|86.83平米|南北,425万,"48,947元/平",https://bj.ke.com/ershoufang/101116243504.html,baiziwan,4404,1404,7.0,3275,1467,2.0,1987,23245,69,1391,8600,25
95,金泰先锋南区,中楼层(共18层)|2008年建|1室0厅|68.03平米|西,450万,"66,148元/平",https://bj.ke.com/ershoufang/101116199743.html,baiziwan,3560,1275,5.0,1874,1532,3.0,1521,20853,70,913,6249,21
96,沿海赛洛城五期,中楼层(共25层)|2009年建|1室1厅|59.7平米|东,395万,"66,165元/平",https://bj.ke.com/ershoufang/101116120688.html,baiziwan,4529,2300,5.0,2842,2557,3.0,1589,20717,60,903,5746,19
97,沿海赛洛城七期,高楼层(共22层)|2009年建|1室1厅|52.78平米|南,375万,"71,050元/平",https://bj.ke.com/ershoufang/101116115735.html,baiziwan,4355,2097,5.0,2668,2354,3.0,1548,20532,59,914,5561,18
98,沿海赛洛城二期,中楼层(共24层)|2007年建|1室0厅|56.38平米|南,390万,"69,174元/平",https://bj.ke.com/ershoufang/101116105916.html,baiziwan,4208,1925,5.0,2521,2182,3.0,1565,21435,72,819,5844,20
99,沿海赛洛城二期,低楼层(共24层)|2007年建|1室0厅|55.68平米|南,379万,"68,068元/平",https://bj.ke.com/ershoufang/101116051676.html,baiziwan,4208,1925,5.0,2521,2182,3.0,1565,21435,72,819,5844,20
100,沿海赛洛城二期,低楼层(共24层)|2007年建|1室0厅|55.68平米|南,395万,"70,942元/平",https://bj.ke.com/ershoufang/101116046922.html,baiziwan,4208,1925,5.0,2521,2182,3.0,1565,21435,72,819,5844,20
101,沿海赛洛城一期,中楼层(共24层)|2007年建|1室1厅|52.35平米|西,347万,"66,285元/平",https://bj.ke.com/ershoufang/101116046383.html,baiziwan,4021,1707,5.0,2334,1964,3.0,1797,21227,62,1162,6582,19
102,观音惠园,底层(共6层)|2008年建|1室0厅|49.38平米|南,243万,"49,211元/平",https://bj.ke.com/ershoufang/101116017714.html,baiziwan,4404,1404,7.0,3275,1467,2.0,1987,23245,69,1391,8600,25
103,沿海赛洛城五期,低楼层(共11层)|2008年建|1室1厅|52.42平米|南,375万,"71,538元/平",https://bj.ke.com/ershoufang/101116008607.html,baiziwan,4529,2300,5.0,2842,2557,3.0,1589,20717,60,903,5746,19
104,观音惠园,高楼层(共6层)|2008年建|2室1厅|89.47平米|南北,435万,"48,620元/平",https://bj.ke.com/ershoufang/101115974321.html,baiziwan,4404,1404,7.0,3275,1467,2.0,1987,23245,69,1391,8600,25
105,石门村路5号院,中楼层(共5层)|1999年建|2室2厅|84.62平米|南北,455万,"53,770元/平",https://bj.ke.com/ershoufang/101115957988.html,baiziwan,4022,1814,5.0,2336,2071,3.0,1276,19790,65,686,4819,17
106,观音惠园,高楼层(共6层)|2006年建|1室1厅|56.65平米|南,329万,"58,076元/平",https://bj.ke.com/ershoufang/101115948266.html,baiziwan,4404,1404,7.0,3275,1467,2.0,1987,23245,69,1391,8600,25
107,美利山,中楼层(共24层)|2011年建|2室1厅|83.73平米|西,477万,"56,969元/平",https://bj.ke.com/ershoufang/101115946272.html,baiziwan,4289,2020,5.0,2602,2277,3.0,1581,20618,59,874,5647,18
108,沿海赛洛城五期,低楼层(共25层)|2008年建|1室1厅|68.41平米|东西,428万,"62,564元/平",https://bj.ke.com/ershoufang/101115916391.html,baiziwan,4529,2300,5.0,2842,2557,3.0,1589,20717,60,903,5746,19
109,美利山,低楼层(共24层)|2011年建|1室1厅|84.12平米|东,468万,"55,635元/平",https://bj.ke.com/ershoufang/101115905817.html,baiziwan,4289,2020,5.0,2602,2277,3.0,1581,20618,59,874,5647,18
110,金海国际南区,地下室1室0厅|13.75平米|南,23万,"16,728元/平",https://bj.ke.com/ershoufang/101115903731.html,baiziwan,3645,1394,5.0,1960,1651,3.0,1596,20463,59,1029,5818,19
111,观音景园二期,顶层(共6层)|2006年建|2室1厅|76.64平米|南北,335万,"43,711元/平",https://bj.ke.com/ershoufang/101115898246.html,baiziwan,4733,1788,7.0,3691,1644,2.0,1991,24129,72,1066,12630,27
112,观音惠园,顶层(共6层)1室1厅|56.65平米|南,327万,"57,723元/平",https://bj.ke.com/ershoufang/101115881861.html,baiziwan,4404,1404,7.0,3275,1467,2.0,1987,23245,69,1391,8600,25
113,水磨厂宿舍,中楼层(共5层)|1981年建|2室1厅|60.68平米|北南,293万,"48,287元/平",https://bj.ke.com/ershoufang/101115868805.html,baiziwan,3928,2111,5.0,2137,2127,3.0,1282,19316,55,595,4345,15
114,沿海赛洛城一期,低楼层(共24层)|2007年建|1室0厅|52.5平米|西,346万,"65,905元/平",https://bj.ke.com/ershoufang/101115844950.html,baiziwan,4021,1707,5.0,2334,1964,3.0,1797,21227,62,1162,6582,19
115,沿海赛洛城五期,中楼层(共11层)|2008年建|1室1厅|68.1平米|南北,435万,"63,877元/平",https://bj.ke.com/ershoufang/101115841155.html,baiziwan,4529,2300,5.0,2842,2557,3.0,1589,20717,60,903,5746,19
116,沿海赛洛城一期,中楼层(共18层)|2007年建|1室1厅|70.62平米|南,499万,"70,660元/平",https://bj.ke.com/ershoufang/101115801716.html,baiziwan,4021,1707,5.0,2334,1964,3.0,1797,21227,62,1162,6582,19
117,沿海赛洛城五期,中楼层(共25层)1室1厅|66.36平米|东西,448万,"67,511元/平",https://bj.ke.com/ershoufang/101115756782.html,baiziwan,4529,2300,5.0,2842,2557,3.0,1589,20717,60,903,5746,19
118,百子湾家园二区,高楼层(共24层)|2006年建|1室1厅|62.29平米|北,370万,"59,400元/平",https://bj.ke.com/ershoufang/101115756424.html,baiziwan,4381,2452,5.0,2589,2468,3.0,1695,21408,62,1026,6437,20
119,百子湾家园二区,底层(共24层)|2006年建|2室1厅|92.46平米|东南,488万,"52,780元/平",https://bj.ke.com/ershoufang/101115744200.html,baiziwan,4381,2452,5.0,2589,2468,3.0,1695,21408,62,1026,6437,20
120,美利山,低楼层(共24层)|2011年建|1室1厅|77.13平米|西,435万,"56,399元/平",https://bj.ke.com/ershoufang/101114762686.html,baiziwan,4289,2020,5.0,2602,2277,3.0,1581,20618,59,874,5647,18
121,百子湾家园二区,底层(共22层)|2006年建|2室1厅|58.58平米|北,335万,"57,187元/平",https://bj.ke.com/ershoufang/101114637102.html,baiziwan,4381,2452,5.0,2589,2468,3.0,1695,21408,62,1026,6437,20
122,沿海赛洛城二期,中楼层(共24层)|2007年建|1室0厅|56.38平米|南,405万,"71,834元/平",https://bj.ke.com/ershoufang/101114580048.html,baiziwan,4208,1925,5.0,2521,2182,3.0,1565,21435,72,819,5844,20
123,观音惠园,顶层(共6层)2室1厅|90.74平米|南北,388万,"42,760元/平",https://bj.ke.com/ershoufang/101114489421.html,baiziwan,4404,1404,7.0,3275,1467,2.0,1987,23245,69,1391,8600,25
124,美利山,高楼层(共24层)|2011年建|2室1厅|81.94平米|东,465万,"56,749元/平",https://bj.ke.com/ershoufang/101114443387.html,baiziwan,4289,2020,5.0,2602,2277,3.0,1581,20618,59,874,5647,18
125,沿海赛洛城三期,低楼层(共14层)|2007年建|1室0厅|48.96平米|北,318万,"64,951元/平",https://bj.ke.com/ershoufang/101114430749.html,baiziwan,4021,1812,5.0,2334,2069,3.0,1594,21384,72,999,6780,23
126,方家村,中楼层(共6层)|1995年建|2室1厅|80.56平米|南北,405万,"50,274元/平",https://bj.ke.com/ershoufang/101114424072.html,baiziwan,4847,1921,7.0,3718,1984,2.0,1825,22609,66,1258,7964,23
127,沿海赛洛城五期,低楼层(共25层)|2008年建|1室1厅|68.45平米|东西,438万,"63,989元/平",https://bj.ke.com/ershoufang/101114415364.html,baiziwan,4529,2300,5.0,2842,2557,3.0,1589,20717,60,903,5746,19
128,观音惠园,顶层(共6层)|2008年建|2室1厅|90.6平米|南北,395万,"43,599元/平",https://bj.ke.com/ershoufang/101114366102.html,baiziwan,4404,1404,7.0,3275,1467,2.0,1987,23245,69,1391,8600,25
129,沿海赛洛城三期,低楼层(共14层)|2007年建|1室0厅|48.96平米|北,330万,"67,402元/平",https://bj.ke.com/ershoufang/101114174517.html,baiziwan,4021,1812,5.0,2334,2069,3.0,1594,21384,72,999,6780,23
130,沿海赛洛城五期,高楼层(共7层)|2008年建|1室1厅|69.08平米|西东,445万,"64,419元/平",https://bj.ke.com/ershoufang/101114104244.html,baiziwan,4529,2300,5.0,2842,2557,3.0,1589,20717,60,903,5746,19
131,美利山,中楼层(共24层)|2011年建|2室1厅|81.94平米|东,460万,"56,139元/平",https://bj.ke.com/ershoufang/101114088549.html,baiziwan,4289,2020,5.0,2602,2277,3.0,1581,20618,59,874,5647,18
132,金泰先锋南区,低楼层(共18层)|2008年建|1室0厅|64.05平米|南,490万,"76,503元/平",https://bj.ke.com/ershoufang/101113998631.html,baiziwan,3560,1275,5.0,1874,1532,3.0,1521,20853,70,913,6249,21
133,北京第二制药厂宿舍,顶层(共6层)2室1厅|66.11平米|南北,320万,"48,405元/平",https://bj.ke.com/ershoufang/101113934650.html,baiziwan,4256,1981,5.0,2569,2238,3.0,1440,20134,58,773,5163,17
134,百子湾家园二区,底层(共24层)|2006年建|1室1厅|58.69平米|北,310万,"52,820元/平",https://bj.ke.com/ershoufang/101113921124.html,baiziwan,4381,2452,5.0,2589,2468,3.0,1695,21408,62,1026,6437,20
135,沿海赛洛城五期,高楼层(共25层)|2009年建|1室1厅|59.7平米|东,380万,"63,652元/平",https://bj.ke.com/ershoufang/101113911214.html,baiziwan,4529,2300,5.0,2842,2557,3.0,1589,20717,60,903,5746,19
136,沿海赛洛城三期,中楼层(共14层)|2007年建|1室0厅|49.4平米|南,360万,"72,875元/平",https://bj.ke.com/ershoufang/101113478153.html,baiziwan,4021,1812,5.0,2334,2069,3.0,1594,21384,72,999,6780,23
137,金海国际南区,中楼层(共23层)|2005年建|1室0厅|56.76平米|南西北,410万,"72,234元/平",https://bj.ke.com/ershoufang/101113402739.html,baiziwan,3645,1394,5.0,1960,1651,3.0,1596,20463,59,1029,5818,19
138,观音惠园,顶层(共6层)2室1厅|90.11平米|南北,410万,"45,500元/平",https://bj.ke.com/ershoufang/101113197306.html,baiziwan,4404,1404,7.0,3275,1467,2.0,1987,23245,69,1391,8600,25
139,美利山,中楼层(共24层)|2011年建|2室1厅|69.91平米|东,455万,"65,084元/平",https://bj.ke.com/ershoufang/101113177185.html,baiziwan,4289,2020,5.0,2602,2277,3.0,1581,20618,59,874,5647,18
140,观音惠园,高楼层(共6层)2室1厅|100.41平米|南北,445万,"44,319元/平",https://bj.ke.com/ershoufang/101113069593.html,baiziwan,4404,1404,7.0,3275,1467,2.0,1987,23245,69,1391,8600,25
141,金泰先锋南区,低楼层(共18层)|2008年建|1室0厅|68.38平米|东,490万,"71,659元/平",https://bj.ke.com/ershoufang/101112882974.html,baiziwan,3560,1275,5.0,1874,1532,3.0,1521,20853,70,913,6249,21
142,沿海赛洛城五期,高楼层(共11层)|2008年建|1室1厅|65.33平米|南北,450万,"68,882元/平",https://bj.ke.com/ershoufang/101112654967.html,baiziwan,4529,2300,5.0,2842,2557,3.0,1589,20717,60,903,5746,19
143,沿海赛洛城五期,顶层(共25层)|2008年建|1室1厅|64.74平米|东西,380万,"58,697元/平",https://bj.ke.com/ershoufang/101112606727.html,baiziwan,4529,2300,5.0,2842,2557,3.0,1589,20717,60,903,5746,19
144,水磨厂宿舍,顶层(共6层)|1980年建|2室1厅|70.61平米|南北,308万,"43,620元/平",https://bj.ke.com/ershoufang/101112437323.html,baiziwan,3928,2111,5.0,2137,2127,3.0,1282,19316,55,595,4345,15
145,观音惠园,底层(共6层)|2006年建|1室1厅|57.18平米|南,315万,"55,090元/平",https://bj.ke.com/ershoufang/101112268057.html,baiziwan,4404,1404,7.0,3275,1467,2.0,1987,23245,69,1391,8600,25
146,观音景园二期,底层(共6层)|2009年建|2室1厅|92.86平米|南北,460万,"49,537元/平",https://bj.ke.com/ershoufang/101112057186.html,baiziwan,4733,1788,7.0,3691,1644,2.0,1991,24129,72,1066,12630,27
147,北京建筑木材总厂宿舍,高楼层(共6层)|1976年建|3室1厅|57.82平米|南北,270万,"46,697元/平",https://bj.ke.com/ershoufang/101111914805.html,baiziwan,4610,1721,5.0,4716,2040,6.0,1417,21797,64,2190,23501,68
148,美利山,顶层(共24层)|2011年建|2室1厅|83.73平米|西,479万,"57,208元/平",https://bj.ke.com/ershoufang/101111879550.html,baiziwan,4289,2020,5.0,2602,2277,3.0,1581,20618,59,874,5647,18
149,沿海赛洛城五期,低楼层(共25层)|2008年建|2室1厅|91.46平米|东西北,499万,"54,560元/平",https://bj.ke.com/ershoufang/101111738826.html,baiziwan,4529,2300,5.0,2842,2557,3.0,1589,20717,60,903,5746,19
150,观音惠园,顶层(共6层)2室1厅|90.74平米|南北,388万,"42,760元/平",https://bj.ke.com/ershoufang/101114489421.html,baiziwan,4404,1404,7.0,3275,1467,2.0,1987,23245,69,1391,8600,25
151,美利山,高楼层(共24层)|2011年建|2室1厅|81.94平米|东,465万,"56,749元/平",https://bj.ke.com/ershoufang/101114443387.html,baiziwan,4289,2020,5.0,2602,2277,3.0,1581,20618,59,874,5647,18
152,沿海赛洛城三期,低楼层(共14层)|2007年建|1室0厅|48.96平米|北,318万,"64,951元/平",https://bj.ke.com/ershoufang/101114430749.html,baiziwan,4021,1812,5.0,2334,2069,3.0,1594,21384,72,999,6780,23
153,方家村,中楼层(共6层)|1995年建|2室1厅|80.56平米|南北,405万,"50,274元/平",https://bj.ke.com/ershoufang/101114424072.html,baiziwan,4847,1921,7.0,3718,1984,2.0,1825,22609,66,1258,7964,23
154,沿海赛洛城五期,低楼层(共25层)|2008年建|1室1厅|68.45平米|东西,438万,"63,989元/平",https://bj.ke.com/ershoufang/101114415364.html,baiziwan,4529,2300,5.0,2842,2557,3.0,1589,20717,60,903,5746,19
155,观音惠园,顶层(共6层)|2008年建|2室1厅|90.6平米|南北,395万,"43,599元/平",https://bj.ke.com/ershoufang/101114366102.html,baiziwan,4404,1404,7.0,3275,1467,2.0,1987,23245,69,1391,8600,25
156,沿海赛洛城三期,低楼层(共14层)|2007年建|1室0厅|48.96平米|北,330万,"67,402元/平",https://bj.ke.com/ershoufang/101114174517.html,baiziwan,4021,1812,5.0,2334,2069,3.0,1594,21384,72,999,6780,23
157,沿海赛洛城五期,高楼层(共7层)|2008年建|1室1厅|69.08平米|西东,445万,"64,419元/平",https://bj.ke.com/ershoufang/101114104244.html,baiziwan,4529,2300,5.0,2842,2557,3.0,1589,20717,60,903,5746,19
158,美利山,中楼层(共24层)|2011年建|2室1厅|81.94平米|东,460万,"56,139元/平",https://bj.ke.com/ershoufang/101114088549.html,baiziwan,4289,2020,5.0,2602,2277,3.0,1581,20618,59,874,5647,18
159,金泰先锋南区,低楼层(共18层)|2008年建|1室0厅|64.05平米|南,490万,"76,503元/平",https://bj.ke.com/ershoufang/101113998631.html,baiziwan,3560,1275,5.0,1874,1532,3.0,1521,20853,70,913,6249,21
160,北京第二制药厂宿舍,顶层(共6层)2室1厅|66.11平米|南北,320万,"48,405元/平",https://bj.ke.com/ershoufang/101113934650.html,baiziwan,4256,1981,5.0,2569,2238,3.0,1440,20134,58,773,5163,17
161,百子湾家园二区,底层(共24层)|2006年建|1室1厅|58.69平米|北,310万,"52,820元/平",https://bj.ke.com/ershoufang/101113921124.html,baiziwan,4381,2452,5.0,2589,2468,3.0,1695,21408,62,1026,6437,20
162,沿海赛洛城五期,高楼层(共25层)|2009年建|1室1厅|59.7平米|东,380万,"63,652元/平",https://bj.ke.com/ershoufang/101113911214.html,baiziwan,4529,2300,5.0,2842,2557,3.0,1589,20717,60,903,5746,19
163,沿海赛洛城三期,中楼层(共14层)|2007年建|1室0厅|49.4平米|南,360万,"72,875元/平",https://bj.ke.com/ershoufang/101113478153.html,baiziwan,4021,1812,5.0,2334,2069,3.0,1594,21384,72,999,6780,23
164,金海国际南区,中楼层(共23层)|2005年建|1室0厅|56.76平米|南西北,410万,"72,234元/平",https://bj.ke.com/ershoufang/101113402739.html,baiziwan,3645,1394,5.0,1960,1651,3.0,1596,20463,59,1029,5818,19
165,观音惠园,顶层(共6层)2室1厅|90.11平米|南北,410万,"45,500元/平",https://bj.ke.com/ershoufang/101113197306.html,baiziwan,4404,1404,7.0,3275,1467,2.0,1987,23245,69,1391,8600,25
166,美利山,中楼层(共24层)|2011年建|2室1厅|69.91平米|东,455万,"65,084元/平",https://bj.ke.com/ershoufang/101113177185.html,baiziwan,4289,2020,5.0,2602,2277,3.0,1581,20618,59,874,5647,18
167,观音惠园,高楼层(共6层)2室1厅|100.41平米|南北,445万,"44,319元/平",https://bj.ke.com/ershoufang/101113069593.html,baiziwan,4404,1404,7.0,3275,1467,2.0,1987,23245,69,1391,8600,25
168,金泰先锋南区,低楼层(共18层)|2008年建|1室0厅|68.38平米|东,490万,"71,659元/平",https://bj.ke.com/ershoufang/101112882974.html,baiziwan,3560,1275,5.0,1874,1532,3.0,1521,20853,70,913,6249,21
169,沿海赛洛城六期,低楼层(共24层)|2009年建|1室1厅|60.33平米|东西,426万,"70,612元/平",https://bj.ke.com/ershoufang/101112780354.html,baiziwan,4478,2241,5.0,2792,2498,3.0,1568,20716,60,935,5745,19
170,沿海赛洛城五期,高楼层(共11层)|2008年建|1室1厅|65.33平米|南北,450万,"68,882元/平",https://bj.ke.com/ershoufang/101112654967.html,baiziwan,4529,2300,5.0,2842,2557,3.0,1589,20717,60,903,5746,19
171,沿海赛洛城五期,顶层(共25层)|2008年建|1室1厅|64.74平米|东西,380万,"58,697元/平",https://bj.ke.com/ershoufang/101112606727.html,baiziwan,4529,2300,5.0,2842,2557,3.0,1589,20717,60,903,5746,19
172,沿海赛洛城三期,高楼层(共14层)|2007年建|1室1厅|58.27平米|东北,400万,"68,646元/平",https://bj.ke.com/ershoufang/101112488266.html,baiziwan,4021,1812,5.0,2334,2069,3.0,1594,21384,72,999,6780,23
173,水磨厂宿舍,顶层(共6层)|1980年建|2室1厅|70.61平米|南北,308万,"43,620元/平",https://bj.ke.com/ershoufang/101112437323.html,baiziwan,3928,2111,5.0,2137,2127,3.0,1282,19316,55,595,4345,15
174,观音惠园,底层(共6层)|2006年建|1室1厅|57.18平米|南,315万,"55,090元/平",https://bj.ke.com/ershoufang/101112268057.html,baiziwan,4404,1404,7.0,3275,1467,2.0,1987,23245,69,1391,8600,25
175,观音景园二期,底层(共6层)|2009年建|2室1厅|92.86平米|南北,460万,"49,537元/平",https://bj.ke.com/ershoufang/101112057186.html,baiziwan,4733,1788,7.0,3691,1644,2.0,1991,24129,72,1066,12630,27
176,北京建筑木材总厂宿舍,高楼层(共6层)|1976年建|3室1厅|57.82平米|南北,270万,"46,697元/平",https://bj.ke.com/ershoufang/101111914805.html,baiziwan,4610,1721,5.0,4716,2040,6.0,1417,21797,64,2190,23501,68
177,美利山,顶层(共24层)|2011年建|2室1厅|83.73平米|西,479万,"57,208元/平",https://bj.ke.com/ershoufang/101111879550.html,baiziwan,4289,2020,5.0,2602,2277,3.0,1581,20618,59,874,5647,18
178,沿海赛洛城五期,低楼层(共25层)|2008年建|2室1厅|91.46平米|东西北,499万,"54,560元/平",https://bj.ke.com/ershoufang/101111738826.html,baiziwan,4529,2300,5.0,2842,2557,3.0,1589,20717,60,903,5746,19
179,沿海赛洛城六期,中楼层(共24层)|2009年建|1室1厅|47.8平米|西,350万,"73,222元/平",https://bj.ke.com/ershoufang/101111675788.html,baiziwan,4478,2241,5.0,2792,2498,3.0,1568,20716,60,935,5745,19
180,沿海赛洛城二期,中楼层(共24层)1室0厅|56.38平米|南,398万,"70,593元/平",https://bj.ke.com/ershoufang/101117497690.html,baiziwan,4208,1925,5.0,2521,2182,3.0,1565,21435,72,819,5844,20
181,沿海赛洛城七期,中楼层(共8层)|2008年建|1室1厅|72.34平米|东西,500万,"69,119元/平",https://bj.ke.com/ershoufang/101117485456.html,baiziwan,4355,2097,5.0,2668,2354,3.0,1548,20532,59,914,5561,18
182,美利山,中楼层(共24层)1室1厅|74.94平米|南,416万,"55,512元/平",https://bj.ke.com/ershoufang/101117416265.html,baiziwan,4289,2020,5.0,2602,2277,3.0,1581,20618,59,874,5647,18
183,深沟村1号,中楼层(共5层)2室1厅|50.3平米|东,270万,"53,678元/平",https://bj.ke.com/ershoufang/101117409451.html,baiziwan,3629,1762,5.0,1838,1778,3.0,1284,18954,54,640,3983,15
184,沿海赛洛城一期,中楼层(共6层)|2007年建|1室1厅|68.14平米|东西,465万,"68,242元/平",https://bj.ke.com/ershoufang/101117348269.html,baiziwan,4021,1707,5.0,2334,1964,3.0,1797,21227,62,1162,6582,19
185,观音惠园,顶层(共6层)|2008年建|2室1厅|90.16平米|北南,400万,"44,366元/平",https://bj.ke.com/ershoufang/101117343105.html,baiziwan,4404,1404,7.0,3275,1467,2.0,1987,23245,69,1391,8600,25
186,观音惠园,底层(共6层)|2007年建|2室1厅|90.09平米|南北,450万,"49,951元/平",https://bj.ke.com/ershoufang/101117214500.html,baiziwan,4404,1404,7.0,3275,1467,2.0,1987,23245,69,1391,8600,25
187,沿海赛洛城五期,中楼层(共11层)|2008年建|1室1厅|51.85平米|南,382万,"73,675元/平",https://bj.ke.com/ershoufang/101117169460.html,baiziwan,4529,2300,5.0,2842,2557,3.0,1589,20717,60,903,5746,19
188,沿海赛洛城五期,高楼层(共11层)|2008年建|1室1厅|51.46平米|南,380万,"73,844元/平",https://bj.ke.com/ershoufang/101116994006.html,baiziwan,4529,2300,5.0,2842,2557,3.0,1589,20717,60,903,5746,19
189,沿海赛洛城一期,高楼层(共24层)|2007年建|1室1厅|55.81平米|东,400万,"71,672元/平",https://bj.ke.com/ershoufang/101116992042.html,baiziwan,4021,1707,5.0,2334,1964,3.0,1797,21227,62,1162,6582,19
190,百子湾家园一区,底层(共16层)|2006年建|1室1厅|60.01平米|北,335万,"55,825元/平",https://bj.ke.com/ershoufang/101116973345.html,baiziwan,4278,2332,5.0,2486,2348,3.0,1528,20901,60,881,5930,19
191,美利山,低楼层(共24层)|2011年建|1室1厅|67.52平米|东,398万,"58,946元/平",https://bj.ke.com/ershoufang/101116962932.html,baiziwan,4289,2020,5.0,2602,2277,3.0,1581,20618,59,874,5647,18
192,美利山,低楼层(共24层)|2011年建|1室1厅|77.13平米|西,485万,"62,881元/平",https://bj.ke.com/ershoufang/101116940419.html,baiziwan,4289,2020,5.0,2602,2277,3.0,1581,20618,59,874,5647,18
193,金海国际南区,地下室1室0厅|13.75平米|南,23万,"16,728元/平",https://bj.ke.com/ershoufang/101115903731.html,baiziwan,3645,1394,5.0,1960,1651,3.0,1596,20463,59,1029,5818,19
194,平乐园小区,高楼层(共6层)|1995年建|2室1厅|61.55平米|南北,428万,"69,537元/平",https://bj.ke.com/ershoufang/101117350306.html,beigongda,3567,1356,5.0,2106,889,2.0,1545,20218,58,935,5578,18
195,磨房北里,中楼层(共6层)2室1厅|45.36平米|南北,294万,"64,815元/平",https://bj.ke.com/ershoufang/101117350214.html,beigongda,3758,1579,5.0,1908,819,2.0,1461,19606,56,863,4966,17
196,平乐园小区,低楼层(共6层)1室1厅|47.17平米|东西,298万,"63,176元/平",https://bj.ke.com/ershoufang/101117206121.html,beigongda,3567,1356,5.0,2106,889,2.0,1545,20218,58,935,5578,18
197,磨房北里,高楼层(共6层)|1990年建|2室1厅|54.54平米|南北,337万,"61,790元/平",https://bj.ke.com/ershoufang/101117152312.html,beigongda,3758,1579,5.0,1908,819,2.0,1461,19606,56,863,4966,17
198,平乐园小区,底层(共6层)2室1厅|60.07平米|南北,385万,"64,092元/平",https://bj.ke.com/ershoufang/101117124153.html,beigongda,3567,1356,5.0,2106,889,2.0,1545,20218,58,935,5578,18
199,平乐园小区,高楼层(共6层)|1995年建|2室1厅|60.47平米|南北,415万,"68,630元/平",https://bj.ke.com/ershoufang/101117400938.html,beigongda,3567,1356,5.0,2106,889,2.0,1545,20218,58,935,5578,18
200,磨房南里,中楼层(共18层)|1996年建|2室1厅|69.62平米|南,395万,"56,737元/平",https://bj.ke.com/ershoufang/101116991875.html,beigongda,3729,1090,5.0,1935,1408,3.0,1700,21661,61,1082,7021,19
201,松榆东里,低楼层(共6层)|1992年建|1室1厅|40.54平米|南北,275万,"67,835元/平",https://bj.ke.com/ershoufang/101116950638.html,beigongda,4154,1439,5.0,2018,522,2.0,1524,21013,61,944,6373,20
202,磨房北里,底层(共6层)|1991年建|1室1厅|41.98平米|南,289万,"68,843元/平",https://bj.ke.com/ershoufang/101116817843.html,beigongda,3758,1579,5.0,1908,819,2.0,1461,19606,56,863,4966,17
203,潘道庙,低楼层(共6层)|1980年建|2室1厅|55.67平米|南,335万,"60,177元/平",https://bj.ke.com/ershoufang/101116339355.html,beigongda,4205,1645,5.0,1910,409,2.0,1559,20578,59,775,7761,19
204,磨房北里,中楼层(共6层)2室1厅|63.11平米|东南,404万,"64,016元/平",https://bj.ke.com/ershoufang/101116058076.html,beigongda,3758,1579,5.0,1908,819,2.0,1461,19606,56,863,4966,17
205,松榆东里,中楼层(共6层)2室1厅|56.29平米|南北,355万,"63,067元/平",https://bj.ke.com/ershoufang/101115958379.html,beigongda,4154,1439,5.0,2018,522,2.0,1524,21013,61,944,6373,20
206,松榆东里,中楼层(共12层)|1994年建|1室1厅|48.38平米|西,260万,"53,742元/平",https://bj.ke.com/ershoufang/101115692474.html,beigongda,4154,1439,5.0,2018,522,2.0,1524,21013,61,944,6373,20
207,松榆东里,中楼层(共6层)|1994年建|2室1厅|60.6平米|东南,346万,"57,096元/平",https://bj.ke.com/ershoufang/101115400540.html,beigongda,4154,1439,5.0,2018,522,2.0,1524,21013,61,944,6373,20
208,磨房南里,底层(共6层)|1996年建|2室1厅|53.17平米|南北,336万,"63,194元/平",https://bj.ke.com/ershoufang/101117493216.html,beigongda,3729,1090,5.0,1935,1408,3.0,1700,21661,61,1082,7021,19
209,平乐园小区,顶层(共6层)1室1厅|46.3平米|南,292万,"63,067元/平",https://bj.ke.com/ershoufang/101117476047.html,beigongda,3567,1356,5.0,2106,889,2.0,1545,20218,58,935,5578,18
210,平乐园小区,高楼层(共6层)|1995年建|2室1厅|60.07平米|南北,390万,"64,925元/平",https://bj.ke.com/ershoufang/101117461956.html,beigongda,3567,1356,5.0,2106,889,2.0,1545,20218,58,935,5578,18
211,松榆东里,底层(共6层)|1991年建|3室1厅|71.02平米|东西,450万,"63,363元/平",https://bj.ke.com/ershoufang/101117449177.html,beigongda,4154,1439,5.0,2018,522,2.0,1524,21013,61,944,6373,20
212,磨房北里,中楼层(共6层)1室2厅|50.54平米|南北,279万,"55,204元/平",https://bj.ke.com/ershoufang/101117417442.html,beigongda,3758,1579,5.0,1908,819,2.0,1461,19606,56,863,4966,17
213,松榆东里,低楼层(共6层)1室1厅|45.07平米|南,280万,"62,126元/平",https://bj.ke.com/ershoufang/101117411474.html,beigongda,4154,1439,5.0,2018,522,2.0,1524,21013,61,944,6373,20
214,磨房北里,中楼层(共6层)|1987年建|2室1厅|57.12平米|南北,369万,"64,601元/平",https://bj.ke.com/ershoufang/101117408924.html,beigongda,3758,1579,5.0,1908,819,2.0,1461,19606,56,863,4966,17
215,磨房北里,中楼层(共6层)|1988年建|2室1厅|54.86平米|南北,369万,"67,263元/平",https://bj.ke.com/ershoufang/101117408866.html,beigongda,3758,1579,5.0,1908,819,2.0,1461,19606,56,863,4966,17
216,平乐园小区,低楼层(共6层)|1993年建|1室1厅|45.94平米|南,320万,"69,657元/平",https://bj.ke.com/ershoufang/101117364496.html,beigongda,3567,1356,5.0,2106,889,2.0,1545,20218,58,935,5578,18
217,松榆东里,高楼层(共18层)1室1厅|40.26平米|南北,285万,"70,790元/平",https://bj.ke.com/ershoufang/101117361476.html,beigongda,4154,1439,5.0,2018,522,2.0,1524,21013,61,944,6373,20
218,松榆东里,中楼层(共6层)|1993年建|2室1厅|61.83平米|南西,370万,"59,842元/平",https://bj.ke.com/ershoufang/101117322643.html,beigongda,4154,1439,5.0,2018,522,2.0,1524,21013,61,944,6373,20
219,松榆东里,中楼层(共18层)2室1厅|73.58平米|西,435万,"59,120元/平",https://bj.ke.com/ershoufang/101117297714.html,beigongda,4154,1439,5.0,2018,522,2.0,1524,21013,61,944,6373,20
220,磨房北里,顶层(共18层)|1987年建|2室1厅|56.9平米|东南西北,373万,"65,554元/平",https://bj.ke.com/ershoufang/101117283372.html,beigongda,3758,1579,5.0,1908,819,2.0,1461,19606,56,863,4966,17
221,磨房南里,顶层(共6层)|1996年建|3室2厅|88.01平米|西北东,454万,"51,586元/平",https://bj.ke.com/ershoufang/101117218372.html,beigongda,3729,1090,5.0,1935,1408,3.0,1700,21661,61,1082,7021,19
222,松榆东里,高楼层(共6层)|1993年建|3室1厅|63.31平米|东南,398万,"62,866元/平",https://bj.ke.com/ershoufang/101117211735.html,beigongda,4154,1439,5.0,2018,522,2.0,1524,21013,61,944,6373,20
223,磨房北里,顶层(共6层)|1992年建|3室1厅|66.88平米|南北,435万,"65,042元/平",https://bj.ke.com/ershoufang/101117207689.html,beigongda,3758,1579,5.0,1908,819,2.0,1461,19606,56,863,4966,17
224,磨房北里,高楼层(共6层)|1990年建|1室1厅|43.64平米|南,305万,"69,891元/平",https://bj.ke.com/ershoufang/101117205421.html,beigongda,3758,1579,5.0,1908,819,2.0,1461,19606,56,863,4966,17
225,平乐园小区,低楼层(共6层)2室1厅|61.27平米|南北,428万,"69,855元/平",https://bj.ke.com/ershoufang/101117194682.html,beigongda,3567,1356,5.0,2106,889,2.0,1545,20218,58,935,5578,18
226,松榆东里,顶层(共6层)|1992年建|2室1厅|55.12平米|东,328万,"59,507元/平",https://bj.ke.com/ershoufang/101117171929.html,beigongda,4154,1439,5.0,2018,522,2.0,1524,21013,61,944,6373,20
227,磨房南里,高楼层(共6层)|1992年建|1室1厅|41.47平米|南,242万,"58,356元/平",https://bj.ke.com/ershoufang/101117163850.html,beigongda,3729,1090,5.0,1935,1408,3.0,1700,21661,61,1082,7021,19
228,磨房南里,中楼层(共6层)|1996年建|1室1厅|50.52平米|南北,320万,"63,342元/平",https://bj.ke.com/ershoufang/101117155746.html,beigongda,3729,1090,5.0,1935,1408,3.0,1700,21661,61,1082,7021,19
229,磨房北里,低楼层(共18层)|1989年建|1室1厅|45.42平米|南西,320万,"70,454元/平",https://bj.ke.com/ershoufang/101117154444.html,beigongda,3758,1579,5.0,1908,819,2.0,1461,19606,56,863,4966,17
230,磨房北里,低楼层(共18层)|1989年建|2室1厅|59.36平米|东南,400万,"67,386元/平",https://bj.ke.com/ershoufang/101117154430.html,beigongda,3758,1579,5.0,1908,819,2.0,1461,19606,56,863,4966,17
231,磨房南里,顶层(共6层)|1992年建|3室1厅|77.19平米|南西北,418万,"54,153元/平",https://bj.ke.com/ershoufang/101117154418.html,beigongda,3729,1090,5.0,1935,1408,3.0,1700,21661,61,1082,7021,19
232,松榆东里,中楼层(共6层)|1992年建|1室1厅|39.67平米|南北,265万,"66,802元/平",https://bj.ke.com/ershoufang/101117142576.html,beigongda,4154,1439,5.0,2018,522,2.0,1524,21013,61,944,6373,20
233,磨房南里,高楼层(共6层)|1996年建|1室1厅|58.42平米|南,339万,"58,029元/平",https://bj.ke.com/ershoufang/101117137118.html,beigongda,3729,1090,5.0,1935,1408,3.0,1700,21661,61,1082,7021,19
234,磨房北里,中楼层(共18层)|1987年建|2室1厅|68.8平米|西北,429万,"62,355元/平",https://bj.ke.com/ershoufang/101117112868.html,beigongda,3758,1579,5.0,1908,819,2.0,1461,19606,56,863,4966,17
235,平乐园小区,顶层(共6层)|1993年建|1室1厅|46.43平米|南,295万,"63,537元/平",https://bj.ke.com/ershoufang/101117106047.html,beigongda,3567,1356,5.0,2106,889,2.0,1545,20218,58,935,5578,18
236,平乐园小区,低楼层(共18层)|1996年建|2室1厅|60.33平米|东南,439万,"72,767元/平",https://bj.ke.com/ershoufang/101117104346.html,beigongda,3567,1356,5.0,2106,889,2.0,1545,20218,58,935,5578,18
237,松榆东里,中楼层(共6层)|1993年建|1室1厅|44.94平米|南,280万,"62,306元/平",https://bj.ke.com/ershoufang/101117095528.html,beigongda,4154,1439,5.0,2018,522,2.0,1524,21013,61,944,6373,20
238,松榆东里,高楼层(共6层)2室1厅|60.6平米|西南,338万,"55,776元/平",https://bj.ke.com/ershoufang/101117072648.html,beigongda,4154,1439,5.0,2018,522,2.0,1524,21013,61,944,6373,20
239,松榆东里,中楼层(共6层)1室1厅|49.52平米|南,265万,"53,514元/平",https://bj.ke.com/ershoufang/101117033425.html,beigongda,4154,1439,5.0,2018,522,2.0,1524,21013,61,944,6373,20
240,磨房北里,中楼层(共18层)|1989年建|2室1厅|59.22平米|南东,395万,"66,701元/平",https://bj.ke.com/ershoufang/101117030916.html,beigongda,3758,1579,5.0,1908,819,2.0,1461,19606,56,863,4966,17
241,平乐园小区,底层(共18层)2室1厅|63.59平米|西南,430万,"67,621元/平",https://bj.ke.com/ershoufang/101116993765.html,beigongda,3567,1356,5.0,2106,889,2.0,1545,20218,58,935,5578,18
242,磨房南里,低楼层(共18层)|1996年建|1室1厅|59.84平米|东,353万,"58,991元/平",https://bj.ke.com/ershoufang/101116987933.html,beigongda,3729,1090,5.0,1935,1408,3.0,1700,21661,61,1082,7021,19
243,松榆东里,中楼层(共6层)1室1厅|49.52平米|南,299万,"60,380元/平",https://bj.ke.com/ershoufang/101116973201.html,beigongda,4154,1439,5.0,2018,522,2.0,1524,21013,61,944,6373,20
244,松榆东里,中楼层(共6层)|1992年建|2室1厅|55.81平米|南,383万,"68,626元/平",https://bj.ke.com/ershoufang/101116965744.html,beigongda,4154,1439,5.0,2018,522,2.0,1524,21013,61,944,6373,20
245,磨房北里,顶层(共6层)|1990年建|1室1厅|43.64平米|南,289万,"66,224元/平",https://bj.ke.com/ershoufang/101116923807.html,beigongda,3758,1579,5.0,1908,819,2.0,1461,19606,56,863,4966,17
246,松榆东里,中楼层(共12层)|1993年建|1室1厅|49.11平米|西,256万,"52,128元/平",https://bj.ke.com/ershoufang/101116895718.html,beigongda,4154,1439,5.0,2018,522,2.0,1524,21013,61,944,6373,20
247,松榆东里,顶层(共6层)2室1厅|57.09平米|东西,308万,"53,950元/平",https://bj.ke.com/ershoufang/101116890702.html,beigongda,4154,1439,5.0,2018,522,2.0,1524,21013,61,944,6373,20
248,磨房北里,顶层(共6层)|1992年建|2室1厅|56.96平米|南北,329万,"57,760元/平",https://bj.ke.com/ershoufang/101116843057.html,beigongda,3758,1579,5.0,1908,819,2.0,1461,19606,56,863,4966,17
249,松榆东里,顶层(共6层)|1995年建|1室1厅|45.79平米|南北,249万,"54,379元/平",https://bj.ke.com/ershoufang/101116838475.html,beigongda,4154,1439,5.0,2018,522,2.0,1524,21013,61,944,6373,20
250,松榆东里,高楼层(共18层)|1993年建|2室1厅|60.32平米|西北,382万,"63,329元/平",https://bj.ke.com/ershoufang/101116830401.html,beigongda,4154,1439,5.0,2018,522,2.0,1524,21013,61,944,6373,20
251,松榆东里,低楼层(共6层)1室1厅|45.31平米|南北,270万,"59,590元/平",https://bj.ke.com/ershoufang/101116824448.html,beigongda,4154,1439,5.0,2018,522,2.0,1524,21013,61,944,6373,20
252,磨房南里,中楼层(共6层)|1996年建|1室1厅|53.38平米|东,318万,"59,573元/平",https://bj.ke.com/ershoufang/101116810724.html,beigongda,3729,1090,5.0,1935,1408,3.0,1700,21661,61,1082,7021,19
253,松榆东里,顶层(共6层)|1994年建|3室1厅|78.83平米|西北,410万,"52,011元/平",https://bj.ke.com/ershoufang/101116802915.html,beigongda,4154,1439,5.0,2018,522,2.0,1524,21013,61,944,6373,20
254,松榆东里,底层(共6层)2室1厅|61.64平米|南北,376万,"61,000元/平",https://bj.ke.com/ershoufang/101116449750.html,beigongda,4154,1439,5.0,2018,522,2.0,1524,21013,61,944,6373,20
255,平乐园小区,顶层(共6层)|1995年建|1室1厅|46.3平米|南,280万,"60,476元/平",https://bj.ke.com/ershoufang/101116375181.html,beigongda,3567,1356,5.0,2106,889,2.0,1545,20218,58,935,5578,18
256,磨房南里,中楼层(共6层)|1997年建|1室1厅|53.33平米|南北,339万,"63,567元/平",https://bj.ke.com/ershoufang/101116356546.html,beigongda,3729,1090,5.0,1935,1408,3.0,1700,21661,61,1082,7021,19
257,磨房南里,中楼层(共6层)|1996年建|1室1厅|58.3平米|南,348万,"59,692元/平",https://bj.ke.com/ershoufang/101116356127.html,beigongda,3729,1090,5.0,1935,1408,3.0,1700,21661,61,1082,7021,19
258,磨房南里,中楼层(共6层)|1991年建|1室1厅|44.01平米|西南,235万,"53,397元/平",https://bj.ke.com/ershoufang/101116351621.html,beigongda,3729,1090,5.0,1935,1408,3.0,1700,21661,61,1082,7021,19
259,磨房南里,低楼层(共6层)|1992年建|2室1厅|57.73平米|南北,355万,"61,494元/平",https://bj.ke.com/ershoufang/101116350938.html,beigongda,3729,1090,5.0,1935,1408,3.0,1700,21661,61,1082,7021,19
260,松榆东里,低楼层(共18层)|1993年建|1室1厅|56.91平米|南,290万,"50,958元/平",https://bj.ke.com/ershoufang/101116313983.html,beigongda,4154,1439,5.0,2018,522,2.0,1524,21013,61,944,6373,20
261,松榆东里,中楼层(共18层)|1993年建|1室1厅|44.82平米|西南,282万,"62,919元/平",https://bj.ke.com/ershoufang/101116283219.html,beigongda,4154,1439,5.0,2018,522,2.0,1524,21013,61,944,6373,20
262,磨房南里,顶层(共6层)|1992年建|2室1厅|58.13平米|南北,318万,"54,705元/平",https://bj.ke.com/ershoufang/101116215744.html,beigongda,3729,1090,5.0,1935,1408,3.0,1700,21661,61,1082,7021,19
263,磨房北里,底层(共18层)|1990年建|1室1厅|38.26平米|南,269万,"70,309元/平",https://bj.ke.com/ershoufang/101116201885.html,beigongda,3758,1579,5.0,1908,819,2.0,1461,19606,56,863,4966,17
264,磨房北里,顶层(共6层)|1988年建|1室1厅|43.78平米|南,256万,"58,475元/平",https://bj.ke.com/ershoufang/101116187170.html,beigongda,3758,1579,5.0,1908,819,2.0,1461,19606,56,863,4966,17
265,松榆东里,中楼层(共6层)|1993年建|1室1厅|45.28平米|南,310万,"68,463元/平",https://bj.ke.com/ershoufang/101116149465.html,beigongda,4154,1439,5.0,2018,522,2.0,1524,21013,61,944,6373,20
266,西大望路甲27号院,低楼层(共6层)|1988年建|2室1厅|57.53平米|南北,358万,"62,229元/平",https://bj.ke.com/ershoufang/101116116295.html,beigongda,3394,1154,5.0,1813,709,2.0,1488,20068,58,919,5484,18
267,平乐园小区,低楼层(共6层)|1993年建|2室1厅|61.44平米|南北,426万,"69,336元/平",https://bj.ke.com/ershoufang/101116087398.html,beigongda,3567,1356,5.0,2106,889,2.0,1545,20218,58,935,5578,18
268,磨房北里,中楼层(共6层)|2004年建|1室1厅|50.54平米|南北,324万,"64,108元/平",https://bj.ke.com/ershoufang/101116059547.html,beigongda,3758,1579,5.0,1908,819,2.0,1461,19606,56,863,4966,17
269,磨房北里,中楼层(共6层)2室1厅|58.3平米|南,368万,"63,122元/平",https://bj.ke.com/ershoufang/101116058030.html,beigongda,3758,1579,5.0,1908,819,2.0,1461,19606,56,863,4966,17
270,磨房南里,低楼层(共18层)|1996年建|1室1厅|59.84平米|东,342万,"57,153元/平",https://bj.ke.com/ershoufang/101116053815.html,beigongda,3729,1090,5.0,1935,1408,3.0,1700,21661,61,1082,7021,19
271,平乐园小区,底层(共6层)|1995年建|3室1厅|72.34平米|南北,499万,"68,980元/平",https://bj.ke.com/ershoufang/101116028492.html,beigongda,3567,1356,5.0,2106,889,2.0,1545,20218,58,935,5578,18
272,磨房北里,中楼层(共18层)|1990年建|3室1厅|68.75平米|西北,450万,"65,455元/平",https://bj.ke.com/ershoufang/101115851464.html,beigongda,3758,1579,5.0,1908,819,2.0,1461,19606,56,863,4966,17
273,松榆东里,低楼层(共6层)1室1厅|47.16平米|南,295万,"62,554元/平",https://bj.ke.com/ershoufang/101115679794.html,beigongda,4154,1439,5.0,2018,522,2.0,1524,21013,61,944,6373,20
274,磨房南里,低楼层(共6层)1室1厅|55.47平米|南北,335万,"60,394元/平",https://bj.ke.com/ershoufang/101115663704.html,beigongda,3729,1090,5.0,1935,1408,3.0,1700,21661,61,1082,7021,19
275,松榆东里,中楼层(共18层)|1996年建|1室1厅|50.6平米|南,309万,"61,068元/平",https://bj.ke.com/ershoufang/101115570862.html,beigongda,4154,1439,5.0,2018,522,2.0,1524,21013,61,944,6373,20
276,松榆东里,高楼层(共18层)2室1厅|71.22平米|东,414万,"58,130元/平",https://bj.ke.com/ershoufang/101115462330.html,beigongda,4154,1439,5.0,2018,522,2.0,1524,21013,61,944,6373,20
277,松榆东里,顶层(共6层)|1995年建|2室1厅|63.66平米|南北,356万,"55,923元/平",https://bj.ke.com/ershoufang/101115378248.html,beigongda,4154,1439,5.0,2018,522,2.0,1524,21013,61,944,6373,20
278,西大望路甲27号院,底层(共6层)1室1厅|45.42平米|南,285万,"62,748元/平",https://bj.ke.com/ershoufang/101115094689.html,beigongda,3394,1154,5.0,1813,709,2.0,1488,20068,58,919,5484,18
279,磨房南里,高楼层(共6层)|1992年建|2室1厅|57.73平米|南北,339万,"58,722元/平",https://bj.ke.com/ershoufang/101114934582.html,beigongda,3729,1090,5.0,1935,1408,3.0,1700,21661,61,1082,7021,19
280,磨房南里,顶层(共18层)|1996年建|1室1厅|60.11平米|西南,330万,"54,900元/平",https://bj.ke.com/ershoufang/101114882281.html,beigongda,3729,1090,5.0,1935,1408,3.0,1700,21661,61,1082,7021,19
281,松榆东里,顶层(共6层)2室1厅|46.67平米|南北,309万,"66,210元/平",https://bj.ke.com/ershoufang/101114823987.html,beigongda,4154,1439,5.0,2018,522,2.0,1524,21013,61,944,6373,20
282,松榆东里,高楼层(共6层)1室1厅|39.6平米|南北,277万,"69,950元/平",https://bj.ke.com/ershoufang/101114763715.html,beigongda,4154,1439,5.0,2018,522,2.0,1524,21013,61,944,6373,20
283,松榆东里,低楼层(共6层)1室1厅|44.94平米|南,283万,"62,973元/平",https://bj.ke.com/ershoufang/101114751291.html,beigongda,4154,1439,5.0,2018,522,2.0,1524,21013,61,944,6373,20
284,磨房北里,中楼层(共18层)|1990年建|3室1厅|68.75平米|西北,450万,"65,455元/平",https://bj.ke.com/ershoufang/101115851464.html,beigongda,3758,1579,5.0,1908,819,2.0,1461,19606,56,863,4966,17
285,松榆东里,低楼层(共6层)1室1厅|47.16平米|南,295万,"62,554元/平",https://bj.ke.com/ershoufang/101115679794.html,beigongda,4154,1439,5.0,2018,522,2.0,1524,21013,61,944,6373,20
286,磨房南里,低楼层(共6层)1室1厅|55.47平米|南北,335万,"60,394元/平",https://bj.ke.com/ershoufang/101115663704.html,beigongda,3729,1090,5.0,1935,1408,3.0,1700,21661,61,1082,7021,19
287,松榆东里,中楼层(共18层)|1996年建|1室1厅|50.6平米|南,309万,"61,068元/平",https://bj.ke.com/ershoufang/101115570862.html,beigongda,4154,1439,5.0,2018,522,2.0,1524,21013,61,944,6373,20
288,松榆东里,高楼层(共18层)2室1厅|71.22平米|东,414万,"58,130元/平",https://bj.ke.com/ershoufang/101115462330.html,beigongda,4154,1439,5.0,2018,522,2.0,1524,21013,61,944,6373,20
289,松榆东里,顶层(共6层)|1995年建|2室1厅|63.66平米|南北,356万,"55,923元/平",https://bj.ke.com/ershoufang/101115378248.html,beigongda,4154,1439,5.0,2018,522,2.0,1524,21013,61,944,6373,20
290,平乐园小区,高楼层(共6层)|1993年建|1室1厅|46.3平米|南,320万,"69,115元/平",https://bj.ke.com/ershoufang/101115114337.html,beigongda,3567,1356,5.0,2106,889,2.0,1545,20218,58,935,5578,18
291,西大望路甲27号院,底层(共6层)1室1厅|45.42平米|南,285万,"62,748元/平",https://bj.ke.com/ershoufang/101115094689.html,beigongda,3394,1154,5.0,1813,709,2.0,1488,20068,58,919,5484,18
292,磨房南里,高楼层(共6层)|1992年建|2室1厅|57.73平米|南北,339万,"58,722元/平",https://bj.ke.com/ershoufang/101114934582.html,beigongda,3729,1090,5.0,1935,1408,3.0,1700,21661,61,1082,7021,19
293,磨房南里,顶层(共18层)|1996年建|1室1厅|60.11平米|西南,330万,"54,900元/平",https://bj.ke.com/ershoufang/101114882281.html,beigongda,3729,1090,5.0,1935,1408,3.0,1700,21661,61,1082,7021,19
294,松榆东里,顶层(共6层)2室1厅|46.67平米|南北,309万,"66,210元/平",https://bj.ke.com/ershoufang/101114823987.html,beigongda,4154,1439,5.0,2018,522,2.0,1524,21013,61,944,6373,20
295,松榆东里,高楼层(共6层)1室1厅|39.6平米|南北,277万,"69,950元/平",https://bj.ke.com/ershoufang/101114763715.html,beigongda,4154,1439,5.0,2018,522,2.0,1524,21013,61,944,6373,20
296,松榆东里,低楼层(共6层)1室1厅|44.94平米|南,283万,"62,973元/平",https://bj.ke.com/ershoufang/101114751291.html,beigongda,4154,1439,5.0,2018,522,2.0,1524,21013,61,944,6373,20
297,松榆东里,底层(共12层)1室1厅|49.11平米|西,257万,"52,332元/平",https://bj.ke.com/ershoufang/101114681094.html,beigongda,4154,1439,5.0,2018,522,2.0,1524,21013,61,944,6373,20
298,松榆东里,底层(共6层)2室1厅|61.36平米|东西北,385万,"62,745元/平",https://bj.ke.com/ershoufang/101114656578.html,beigongda,4154,1439,5.0,2018,522,2.0,1524,21013,61,944,6373,20
299,松榆东里,中楼层(共18层)2室1厅|62.82平米|东南,375万,"59,695元/平",https://bj.ke.com/ershoufang/101114607553.html,beigongda,4154,1439,5.0,2018,522,2.0,1524,21013,61,944,6373,20
300,磨房南里,中楼层(共18层)|1997年建|1室1厅|59.84平米|东,332万,"55,482元/平",https://bj.ke.com/ershoufang/101114559970.html,beigongda,3729,1090,5.0,1935,1408,3.0,1700,21661,61,1082,7021,19
301,松榆东里,中楼层(共12层)1室1厅|49.11平米|东,268万,"54,572元/平",https://bj.ke.com/ershoufang/101114525521.html,beigongda,4154,1439,5.0,2018,522,2.0,1524,21013,61,944,6373,20
302,平乐园小区,底层(共6层)1室1厅|46.38平米|南,290万,"62,527元/平",https://bj.ke.com/ershoufang/101114495085.html,beigongda,3567,1356,5.0,2106,889,2.0,1545,20218,58,935,5578,18
303,松榆东里,中楼层(共6层)2室1厅|59.12平米|南北,380万,"64,277元/平",https://bj.ke.com/ershoufang/101114486820.html,beigongda,4154,1439,5.0,2018,522,2.0,1524,21013,61,944,6373,20
304,松榆东里,中楼层(共6层)|1995年建|2室1厅|63.66平米|南北,390万,"61,263元/平",https://bj.ke.com/ershoufang/101114471782.html,beigongda,4154,1439,5.0,2018,522,2.0,1524,21013,61,944,6373,20
305,松榆东里,顶层(共18层)|1993年建|2室1厅|64.65平米|东南,375万,"58,005元/平",https://bj.ke.com/ershoufang/101114467007.html,beigongda,4154,1439,5.0,2018,522,2.0,1524,21013,61,944,6373,20
306,松榆东里,高楼层(共6层)2室1厅|57.23平米|南北,350万,"61,157元/平",https://bj.ke.com/ershoufang/101114429012.html,beigongda,4154,1439,5.0,2018,522,2.0,1524,21013,61,944,6373,20
307,磨房南里,低楼层(共18层)|1996年建|2室1厅|73.58平米|东北,427万,"58,033元/平",https://bj.ke.com/ershoufang/101114164125.html,beigongda,3729,1090,5.0,1935,1408,3.0,1700,21661,61,1082,7021,19
308,磨房北里,中楼层(共6层)2室1厅|59.22平米|南北,369万,"62,311元/平",https://bj.ke.com/ershoufang/101114085189.html,beigongda,3758,1579,5.0,1908,819,2.0,1461,19606,56,863,4966,17
309,磨房北里,地下室(共18层)|1990年建|2室1厅|65.13平米|西北,235万,"36,082元/平",https://bj.ke.com/ershoufang/101114058502.html,beigongda,3758,1579,5.0,1908,819,2.0,1461,19606,56,863,4966,17
310,磨房北里,顶层(共18层)|1992年建|2室1厅|68.22平米|西南,425万,"62,299元/平",https://bj.ke.com/ershoufang/101113891986.html,beigongda,3758,1579,5.0,1908,819,2.0,1461,19606,56,863,4966,17
311,松榆东里,顶层(共6层)2室1厅|63.75平米|南西北,358万,"56,157元/平",https://bj.ke.com/ershoufang/101113807986.html,beigongda,4154,1439,5.0,2018,522,2.0,1524,21013,61,944,6373,20
312,磨房北里,高楼层(共6层)|1994年建|3室1厅|77.95平米|东西,455万,"58,371元/平",https://bj.ke.com/ershoufang/101113780504.html,beigongda,3758,1579,5.0,1908,819,2.0,1461,19606,56,863,4966,17
313,平乐园小区,顶层(共6层)|1995年建|2室1厅|48.27平米|南北,328万,"67,952元/平",https://bj.ke.com/ershoufang/101113771669.html,beigongda,3567,1356,5.0,2106,889,2.0,1545,20218,58,935,5578,18
314,平乐园小区,顶层(共6层)|1993年建|2室1厅|48.7平米|南北,330万,"67,762元/平",https://bj.ke.com/ershoufang/101113290087.html,beigongda,3567,1356,5.0,2106,889,2.0,1545,20218,58,935,5578,18
315,磨房北里,高楼层(共6层)|1992年建|2室1厅|58.3平米|北,318万,"54,546元/平",https://bj.ke.com/ershoufang/101111901637.html,beigongda,3758,1579,5.0,1908,819,2.0,1461,19606,56,863,4966,17
316,平乐园小区,底层(共6层)|1998年建|1室1厅|47.17平米|东西,293万,"62,116元/平",https://bj.ke.com/ershoufang/101111642753.html,beigongda,3567,1356,5.0,2106,889,2.0,1545,20218,58,935,5578,18
317,磨房北里,中楼层(共18层)|1992年建|2室1厅|69.8平米|南,450万,"64,470元/平",https://bj.ke.com/ershoufang/101111398064.html,beigongda,3758,1579,5.0,1908,819,2.0,1461,19606,56,863,4966,17
318,平乐园小区,顶层(共6层)|1993年建|2室1厅|60.07平米|南北,376万,"62,594元/平",https://bj.ke.com/ershoufang/101111362406.html,beigongda,3567,1356,5.0,2106,889,2.0,1545,20218,58,935,5578,18
319,磨房南里,顶层(共6层)|1992年建|2室1厅|58.13平米|南北,350万,"60,210元/平",https://bj.ke.com/ershoufang/101103213452.html,beigongda,3729,1090,5.0,1935,1408,3.0,1700,21661,61,1082,7021,19
